[
  {
    "id": 1,
    "court": "tennis centre west ottawa",
    "player1": "steve",
    "player2": "tim",
    "scores": [
      [6, 4],
      [3, 6],
      [5, 7]
    ],
    "winner": "tim"
  },
  {
    "id": 2,
    "court": "rideau sports centre",
    "player1": "adam",
    "player2": "tim",
    "scores": [
      [0, 6],
      [0, 6]
    ],
    "winner": "tim"
  },
  {
    "id": 3,
    "court": "rideau sports centre",
    "player1": "annie",
    "player2": "paulo",
    "scores": [
      [6, 4],
      [3, 6],
      [6, 3]
    ],
    "winner": "annie"
  },
  {
    "id": 4,
    "court": "carleton tennis centre",
    "player1": "sammy",
    "player2": "adesh",
    "scores": [
      [4, 6],
      [6, 3],
      [7, 5]
    ],
    "winner": "sammy"
  },
  {
    "id": 5,
    "court": "march tennis club",
    "player1": "tim",
    "player2": "adam",
    "scores": [
      [6, 0],
      [6, 0]
    ],
    "winner": "tim"
  },
  {
    "id": 6,
    "court": "tennis centre west ottawa",
    "player1": "adam",
    "player2": "adesh",
    "scores": [
      [6, 4],
      [6, 2]
    ],
    "winner": "adam"
  },
  {
    "id": 7,
    "court": "elmdale tennis club",
    "player1": "annie",
    "player2": "sammy",
    "scores": [
      [6, 4],
      [3, 6],
      [5, 7]
    ],
    "winner": "sammy"
  },
  {
    "id": 8,
    "court": "carleton tennis centre",
    "player1": "adesh",
    "player2": "steve",
    "scores": [
      [1, 6],
      [5, 7]
    ],
    "winner": "steve"
  },
  {
    "id": 9,
    "court": "tennis centre west ottawa",
    "player1": "tim",
    "player2": "annie",
    "scores": [
      [6, 4],
      [3, 6],
      [7, 6]
    ],
    "winner": "tim"
  },
  {
    "id": 10,
    "court": "barrhaven tennis club",
    "player1": "steve",
    "player2": "annie",
    "scores": [
      [6, 4],
      [3, 6],
      [5, 7]
    ],
    "winner": "annie"
  },
  {
    "id": 11,
    "court": "carleton tennis centre",
    "player1": "tim",
    "player2": "paulo",
    "scores": [
      [6, 4],
      [3, 6],
      [6, 1]
    ],
    "winner": "tim"
  },
  {
    "id": 12,
    "court": "barrhaven tennis club",
    "player1": "steve",
    "player2": "sammy",
    "scores": [
      [6, 2],
      [4, 6],
      [1, 6]
    ],
    "winner": "sammy"
  },
  {
    "id": 13,
    "court": "barrhaven tennis club",
    "player1": "tim",
    "player2": "adesh",
    "scores": [
      [6, 4],
      [6, 1]
    ],
    "winner": "tim"
  },
  {
    "id": 14,
    "court": "elmdale tennis club",
    "player1": "paulo",
    "player2": "steve",
    "scores": [
      [6, 4],
      [3, 6],
      [5, 7]
    ],
    "winner": "steve"
  },
  {
    "id": 15,
    "court": "rideau sports centre",
    "player1": "adesh",
    "player2": "adam",
    "scores": [
      [6, 4],
      [3, 6],
      [5, 7]
    ],
    "winner": "adam"
  },
  {
    "id": 16,
    "court": "march tennis club",
    "player1": "adam",
    "player2": "tim",
    "scores": [
      [0, 6],
      [0, 6]
    ],
    "winner": "tim"
  },
  {
    "id": 17,
    "court": "glen cairn tennis club",
    "player1": "adam",
    "player2": "sammy",
    "scores": [
      [6, 4],
      [3, 6],
      [5, 7]
    ],
    "winner": "sammy"
  },
  {
    "id": 18,
    "court": "tennis centre west ottawa",
    "player1": "adam",
    "player2": "annie",
    "scores": [
      [6, 4],
      [3, 6],
      [5, 7]
    ],
    "winner": "annie"
  },
  {
    "id": 19,
    "court": "carleton tennis centre",
    "player1": "steve",
    "player2": "sammy",
    "scores": [
      [6, 7],
      [5, 6]
    ],
    "winner": "sammy"
  },
  {
    "id": 20,
    "court": "carleton tennis centre",
    "player1": "adam",
    "player2": "tim",
    "scores": [
      [0, 6],
      [0, 6]
    ],
    "winner": "tim"
  }
]
